{
	"info": {
		"_postman_id": "ecf48965-fb6f-48f5-8df6-c011c951247d",
		"name": "SuperThings",
		"schema": "https://schema.getpostman.com/json/collection/v2.1.0/collection.json"
	},
	"item": [
		{
			"name": "GetMostRecent",
			"request": {
				"method": "GET",
				"header": [],
				"url": {
					"raw": "https://localhost:44302/api/registration/recent",
					"protocol": "https",
					"host": [
						"localhost"
					],
					"port": "44302",
					"path": [
						"api",
						"registration",
						"recent"
					]
				}
			},
			"response": []
		},
		{
			"name": "CreateEntry",
			"request": {
				"method": "POST",
				"header": [
					{
						"key": "Content-Type",
						"name": "Content-Type",
						"value": "application/json",
						"type": "text"
					}
				],
				"body": {
					"mode": "raw",
					"raw": "{\n    \"fullName\": \"George Parker\",\n    \"email\": \"gparker@test.net\",\n    \"dateOfBirth\": \"1978-05-22\",\n    \"favoriteFiveIntegers\": [\n        1,2,3,4,5\n    ],\n    \"emailOptIn\": true,\n    \"timeOfRegistration\": \"2012-04-23T18:25:43.511Z\"\n}",
					"options": {
						"raw": {
							"language": "json"
						}
					}
				},
				"url": {
					"raw": "{{baseUrl}}/api/registration/",
					"host": [
						"{{baseUrl}}"
					],
					"path": [
						"api",
						"registration",
						""
					]
				}
			},
			"response": []
		},
		{
			"name": "GetSpecific",
			"request": {
				"method": "GET",
				"header": [],
				"url": {
					"raw": ""
				}
			},
			"response": []
		},
		{
			"name": "Count",
			"request": {
				"method": "GET",
				"header": [],
				"url": {
					"raw": ""
				}
			},
			"response": []
		},
		{
			"name": "Favorite Integers",
			"request": {
				"method": "GET",
				"header": [],
				"url": {
					"raw": ""
				}
			},
			"response": []
		}
	],
	"protocolProfileBehavior": {}
}